<?xml version="1.0" encoding="UTF-8"?>

<mule xmlns="http://www.mulesoft.org/schema/mule/core" xmlns:http="http://www.mulesoft.org/schema/mule/http" xmlns:doc="http://www.mulesoft.org/schema/mule/documentation" xmlns:spring="http://www.springframework.org/schema/beans" xmlns:core="http://www.mulesoft.org/schema/mule/core" version="EE-3.4.0" xmlns:xsi="http://www.w3.org/2001/XMLSchema-instance" xsi:schemaLocation="
http://www.mulesoft.org/schema/mule/http http://www.mulesoft.org/schema/mule/http/current/mule-http.xsd 
http://www.springframework.org/schema/beans http://www.springframework.org/schema/beans/spring-beans-current.xsd 
http://www.mulesoft.org/schema/mule/core http://www.mulesoft.org/schema/mule/core/current/mule.xsd ">
    
    <http:connector name="myHttpConnector">
    <dispatcher-threading-profile doThreading="false"/>
    <receiver-threading-profile doThreading="false"/>
    </http:connector>
    <flow name="HelloWorldFlow" doc:name="HelloWorldFlow">
    
        <http:inbound-endpoint  exchange-pattern="request-response" connector-ref="myHttpConnector" host="${OPENSHIFT_INTERNAL_IP}" port="8080" doc:name="HTTP" doc:description="Process HTTP requests or responses."/>
        <set-payload value="Hello World!" doc:name="Set Payload"/>
    </flow>
</mule>
